state,state_population,total_consumers,new_consumers_2025,total_reenrollees,active_reenrollees,auto_reenrollees,pct_auto_reenroll,aptc_consumers,pct_aptc,pct_auto_reenroll_aptc,avg_aptc_amount,total_spent_aptc,avg_premium_after_aptc,pct_aptc_reenrollees,post_policy_pct_aptc_reenrollees,post_policy_aptc_reenrollees,post_policy_total_aptc,post_policy_aptc_saved,post_policy_aptc_lost_coverage,post_policy_aptc_uninsured,current_uninsured_rate,post_policy_uninsured_rate,current_uncomp_spending,post_policy_uncomp_spending,change_in_uncomp_spending
AK,737270,28736,5735,23001,16312,6689,0.2908,25170,0.8759,0.2658,1008,25371360,115,0.9138,0.5363,13498.2796,13606265.84,11765094.16,11672,5836,0.111,0.1189,100719214.1,107887518.5,7168304.426
AL,5193088,477838,74133,403705,185028,218677,0.5417,457379,0.9572,0.4781,610,279001190,44,0.8826,0.5661,258901.441,157929879,121071311,198478,99239,0.082,0.1011,524085713.9,646159337.5,122073623.6
AR,3114791,166639,36976,129663,64330,65333,0.5039,153328,0.9201,0.4261,507,77737296,88,0.8457,0.5213,79934.7624,40526924.54,37210371.46,73393,36697,0.093,0.1048,356512405.7,401747313,45234907.38
AZ,7623818,423025,76584,346441,157449,188992,0.5455,379185,0.8964,0.4984,458,173666730,69,0.9136,0.5487,208060.2907,95291613.14,78375116.86,171125,85562,0.102,0.1132,957051875.8,1062139925,105088049.1
CA,39355309,1979504,345711,1633793,433022,1200771,0.735,1751690,0.8849,0.6855,562,984449780,135,0.9327,0.553,968662.9763,544388592.7,440061187.3,783027,391514,0.059,0.0689,2857709807,3337223826,479514018.5
CO,6012561,282481,49047,233434,119016,114418,0.4902,225484,0.7982,0.5074,457,103046188,138,1.0353,0.5537,124843.3469,57053409.53,45992778.47,100641,50320,0.078,0.0864,577187457.6,639346106.8,62158649.28
CT,3688496,151151,28909,122242,29190,93052,0.7612,133192,0.8812,0.6986,789,105088488,146,0.9178,0.5419,72170.9405,56942872.05,48145615.95,61021,30511,0.057,0.0653,258753932.9,296432137.1,37678204.26
DC,693645,14930,3432,11498,1186,10312,0.8969,4217,0.2825,2.4453,622,2622974,443,2.7266,0.516,2175.9099,1353415.958,1269558.042,2041,1021,0.047,0.0485,40123416.41,41403950.98,1280534.566
DE,1059952,52931,9732,43199,23356,19843,0.4593,48014,0.9071,0.4133,586,28136204,169,0.8997,0.5468,26254.6532,15385226.78,12750977.22,21759,10880,0.069,0.0793,90011516.02,103448017.7,13436501.67
FL,23462518,4735415,722759,4012656,2456717,1555939,0.3878,4601986,0.9718,0.3381,591,2719773726,49,0.8719,0.5677,2612726.68,1544121468,1175652258,1989259,994630,0.109,0.1514,3147486701,4371830151,1224343451
GA,11302748,1510852,227569,1283283,355937,927346,0.7226,1398360,0.9255,0.6632,590,825032400,41,0.9177,0.5691,795782.3683,469511597.3,355520802.7,602578,301289,0.12,0.1467,1669275726,2040689574,371413848.9
HI,1432820,24606,5143,19463,11367,8096,0.416,20439,0.8307,0.3961,574,11731986,186,0.9522,0.53,10831.8643,6217490.108,5514495.892,9607,4804,0.033,0.0364,58192680.43,64188289.93,5995609.499
IA,3238387,136833,24369,112464,58717,53747,0.4779,120692,0.882,0.4453,470,56725240,99,0.9318,0.5507,66462.3914,31237323.96,25487916.04,54230,27115,0.057,0.0654,227178061.9,260656934.1,33478872.27
ID,2029733,117373,20410,96963,24284,72679,0.7496,100762,0.8585,0.7213,411,41413182,78,0.9623,0.5535,55771.127,22921933.2,18491248.8,44991,22495,0.09,0.1011,224824796.6,252553188.1,27728391.58
IL,12719141,465985,111081,354904,225031,129873,0.3659,418039,0.8971,0.3107,540,225741060,143,0.849,0.5103,213319.5014,115192530.8,110548529.2,204719,102360,0.068,0.076,1064460331,1189690959,125230627.2
IN,6973333,359240,63327,295913,136850,159063,0.5375,322426,0.8975,0.4933,427,137675902,77,0.9178,0.5519,177944.3551,75982239.63,61693662.37,144482,72241,0.074,0.0844,635089469.1,724345286.4,89255817.28
KS,2977220,200046,34577,165469,88370,77099,0.4659,187387,0.9367,0.4114,580,108684460,73,0.883,0.5542,103848.6921,60232241.42,48452218.58,83538,41769,0.086,0.1,315117241.5,366415397.1,51298155.59
KY,4606864,97374,23493,73881,15333,58548,0.7925,83518,0.8577,0.701,489,40840302,119,0.8846,0.5084,42456.5444,20761250.21,20079051.79,41061,20531,0.069,0.0735,391216595.4,416730721.2,25514125.79
LA,4618189,292994,49243,243751,82006,161745,0.6636,281548,0.9609,0.5745,593,166957964,50,0.8658,0.5574,156933.2354,93061408.59,73896555.41,124615,62307,0.076,0.0895,431964524.8,508695065.4,76730540.6
MA,7154084,389191,62555,326636,129091,197545,0.6048,324367,0.8334,0.609,404,131044268,126,1.007,0.5623,182394.9151,73687545.7,57356722.3,141972,70986,0.028,0.0379,246532882.4,333699865.9,87166983.43
MD,6265347,247243,54255,192988,47191,145797,0.7555,188904,0.764,0.7718,404,76317216,108,1.0216,0.523,98792.1092,39912012.12,36405203.88,90112,45056,0.062,0.0692,478078931.8,533597775.5,55518843.7
ME,1414874,64678,11285,53393,17564,35829,0.671,54757,0.8466,0.6543,607,33237499,178,0.9751,0.5531,30286.019,18383613.53,14853885.47,24471,12235,0.056,0.0646,97514361.17,112489780.9,14975419.75
MI,10127884,531083,97493,433590,226555,207035,0.4775,484004,0.9114,0.4278,448,216833792,96,0.8958,0.547,264752.83,118609267.8,98224524.16,219251,109626,0.05,0.0608,623234533.8,757853193.1,134618659.3
MN,5830405,151512,42289,109223,14741,94482,0.865,92489,0.6104,1.0215,364,33665996,216,1.1809,0.483,44671.6462,16260479.22,17405516.78,47817,23909,0.053,0.0571,380309680.3,409729863.1,29420182.82
MO,6270541,417000,65059,351941,163860,188081,0.5344,392595,0.9415,0.4791,564,221423580,62,0.8964,0.5655,222000.2051,125208115.7,96215464.32,170595,85297,0.076,0.0896,586518062.3,691473926.1,104955863.8
MS,2954160,338159,48089,290070,122807,167263,0.5766,331210,0.9795,0.505,576,190776960,30,0.8758,0.5747,190353.1674,109643424.4,81133535.58,140857,70428,0.097,0.1208,352670013.7,439201419.1,86531405.42
MT,1144694,77221,15404,61817,35583,26234,0.4244,68707,0.8897,0.3818,543,37307901,102,0.8997,0.5363,36850.9164,20010047.61,17297853.39,31856,15928,0.086,0.0999,121157595.2,140740043.7,19582448.53
NC,11197968,975110,126127,848983,382363,466620,0.5496,919453,0.9429,0.5075,573,526846569,69,0.9234,0.5833,536351.7731,307329566,219517003,383101,191551,0.086,0.1031,1185224063,1420890709,235666645.2
ND,799358,42901,7354,35547,23903,11644,0.3276,38928,0.9074,0.2991,485,18880080,111,0.9131,0.5551,21610.8791,10481276.36,8398803.637,17317,8659,0.06,0.0708,59027632.28,69652606.09,10624973.81
NE,2018006,136684,23369,113315,75999,37316,0.3293,129941,0.9507,0.2872,602,78224482,87,0.872,0.5554,72175.6545,43449744.01,34774737.99,57765,28883,0.076,0.0903,188755159.9,224270933.4,35515773.5
NH,1415342,70337,12536,57801,32603,25198,0.4359,49757,0.7074,0.5064,338,16817866,150,1.1617,0.5506,27395.5801,9259706.074,7558159.926,22361,11181,0.047,0.0549,81869481.4,95630521.9,13761040.49
NJ,9548215,513217,112699,400518,85177,315341,0.7873,462504,0.9012,0.6818,548,253452192,137,0.866,0.5229,241830.6265,132523183.3,120929008.7,220673,110337,0.077,0.0886,904848147.8,1041162934,136314785.9
NM,2125498,70373,11197,59176,22711,36465,0.6162,60022,0.8529,0.6075,592,35533024,86,0.9859,0.5634,33816.2002,20019190.52,15513833.48,26206,13103,0.102,0.1082,266823243.7,283041911.4,16218667.75
NV,3282188,110687,26852,83835,21271,62564,0.7463,96123,0.8684,0.6509,465,44697195,99,0.8722,0.5075,48778.773,22682129.45,22015065.56,47344,23672,0.114,0.1212,460501545,489585853.2,29084308.11
NY,20002427,221534,37813,183721,48277,135444,0.7372,140403,0.6338,0.9647,440,61777320,340,1.3085,0.5556,78013.4711,34325927.28,27451392.72,62390,31195,0.049,0.0506,1206261762,1245649901,39388139.17
OH,11900510,583443,99034,484409,204850,279559,0.5771,529774,0.908,0.5277,500,264887000,79,0.9144,0.5563,294699.3737,147349686.9,117537313.2,235075,117537,0.067,0.0769,981303083,1126301598,144998515.3
OK,4123288,307989,42750,265239,112460,152779,0.576,296735,0.9635,0.5149,558,165578130,58,0.8939,0.577,171216.5546,95538837.47,70039292.53,125518,62759,0.117,0.1322,593734546.1,670869290.6,77134744.45
OR,4273586,139688,23703,115985,75661,40324,0.3477,111620,0.7991,0.3613,531,59270220,199,1.0391,0.5563,62095.4171,32972666.48,26297553.52,49525,24762,0.052,0.0578,273500785.9,304006642.8,30505856.89
PA,13059432,496661,90472,406189,85710,320479,0.789,429551,0.8649,0.7461,541,232387091,134,0.9456,0.548,235373.5386,127337084.4,105050006.6,194177,97089,0.06,0.0674,964358084.7,1083295582,118937497.1
RI,1114521,42117,7414,34703,3315,31388,0.9045,36997,0.8784,0.8484,470,17388590,109,0.938,0.5521,20424.4751,9599503.297,7789086.703,16573,8286,0.048,0.0554,65840372.66,75990763.44,10150390.78
SC,5570274,631948,102091,529857,259419,270438,0.5104,602457,0.9533,0.4489,523,315085011,52,0.8795,0.5618,338437.2754,177002695,138082316,264020,132010,0.091,0.1147,623850802.1,786326230.8,162475428.7
SD,935094,54721,8689,46032,30998,15034,0.3266,51707,0.9449,0.2908,600,31024200,99,0.8902,0.5636,29142.7119,17485627.14,13538572.86,22564,11282,0.079,0.0911,90917010.85,104842274.5,13925263.69
TN,7315076,642867,105348,537519,234564,302955,0.5636,610685,0.9499,0.4961,592,361525520,46,0.8802,0.5602,342109.1916,202528641.4,158996878.6,268576,134288,0.097,0.1154,873279698.1,1038932754,165653056.1
TX,31709821,3966226,708067,3258159,1835512,1422647,0.4366,3781291,0.9534,0.3762,541,2045678431,34,0.8617,0.5504,2081180.37,1125918580,919759851,1700111,850055,0.168,0.1948,6556406304,7602309214,1045902910
UT,3538904,421890,67471,354419,245637,108782,0.3069,403968,0.9575,0.2693,463,187037184,52,0.8773,0.5628,227373.3347,105273854,81763330.03,176595,88297,0.083,0.108,361501131.6,470387014.6,108885883
VA,8880107,388856,69335,319521,62731,256790,0.8037,335255,0.8622,0.766,410,137454550,87,0.9531,0.5505,184569.8115,75673622.72,61780927.29,150685,75343,0.068,0.0765,743172958,836069577.7,92896619.75
VT,644663,32862,3663,29199,4981,24218,0.8294,30459,0.9269,0.7951,911,27748149,192,0.9586,0.5953,18132.7816,16518964.04,11229184.96,12326,6163,0.043,0.0526,34116462.04,41733160.54,7616698.502
WA,8001020,308227,58242,249985,55916,194069,0.7763,224315,0.7278,0.8652,469,105203735,173,1.1144,0.5434,121892.333,57167504.18,48036230.82,102423,51211,0.065,0.0714,640061197.4,703082607.6,63021410.21
WI,5972787,313579,53265,260314,160754,99560,0.3825,278768,0.889,0.3571,585,163079280,118,0.9338,0.5562,155048.7527,90703520.33,72375759.67,123719,61860,0.054,0.0644,396947959.8,473397196.5,76449236.7
WV,1766147,67113,12378,54735,21473,33262,0.6077,65152,0.9708,0.5105,1102,71797504,74,0.8401,0.5464,35600.9039,39232196.1,32565307.9,29551,14776,0.059,0.0674,128245355.7,146504016.6,18258660.82
WY,588753,46643,9319,37324,26241,11083,0.2969,44423,0.9524,0.2495,915,40647045,96,0.8402,0.5361,23816.8539,21792421.32,18854623.68,20606,10303,0.097,0.1145,70285810.03,82966239.67,12680429.64